TWD/TWS,1,2,3,4,5,6,7,8,9,10,11,12,13,14,15,16,17,18,19,20
0, -   , -   , -   , -   , -   , -   , -   , -   , -   , -   , -   , -   , -   , -   , -   , -   , -   , -   , -   , -   
1, -   , -   , -   , -   , -   , -   , -   , -   , -   , -   , -   , -   , -   , -   , -   , -   , -   , -   , -   , -   
2, -   , -   , -   , -   , -   , -   , -   , -   , -   , -   , -   , -   , -   , -   , -   , -   , -   , -   , -   , -   
3, -   , -   , -   , -   , -   , -   , -   , -   , -   , -   , -   , -   , -   , -   , -   , -   , -   , -   , -   , -   
4, -   , -   , -   , -   , -   , -   , -   , -   , -   , -   , -   , -   , -   , -   , -   , -   , -   , -   , -   , -   
5, -   , -   , -   , -   , -   , -   , -   , -   , -   , -   , -   , -   , -   , -   , -   , -   , -   , -   , -   , -   
6, -   , -   , -   , -   , -   , -   , -   , -   , -   , -   , -   , -   , -   , -   , -   , -   , -   , -   , -   , -   
7, -   , -   , -   , -   , -   , -   , -   , -   , -   , -   , -   , -   , -   , -   , -   , -   , -   , -   , -   , -   
8, -   , -   , -   , -   , -   , -   , -   , -   , -   , -   , -   , -   , -   , -   , -   , -   , -   , -   , -   , -   
9, -   , -   , -   , -   , -   , -   , -   , -   , -   , -   , -   , -   , -   , -   , -   , -   , -   , -   , -   , -   
10, -   , -   , -   , -   , -   , -   , -   , -   , -   , -   , -   , -   , -   , -   , -   , -   , -   , -   , -   , -   
11, -   , -   , -   , -   , -   , -   , -   , -   , -   , -   , -   , -   , -   , -   , -   , -   , -   , -   , -   , -   
12, -   , -   , -   , -   , -   , -   , -   , -   , -   , -   , -   , -   , -   , -   , -   , -   , -   , -   , -   , -   
13, -   , -   , -   , -   , -   , -   , -   , -   , -   , -   , -   , -   , -   , -   , -   , -   , -   , -   , -   , -   
14, -   , -   , -   , -   , -   , -   , -   , -   , -   , -   , -   , -   , -   , -   , -   , -   , -   , -   , -   , -   
15, -   , -   , -   , -   , -   , -   , -   , -   , -   , -   , -   , -   , -   , -   , -   , -   , -   , -   , -   , -   
16, -   , -   , -   , -   , -   , -   , -   , -   , -   , -   , -   , -   , -   , -   , -   , -   , -   , -   , -   , -   
17, -   , -   , -   , -   , -   , -   , -   , -   , -   , -   , -   , -   , -   , -   , -   , -   , -   , -   , -   , -   
18, -   , -   , -   , -   , -   , -   , -   , -   , -   , -   , -   , -   , -   , -   , -   , -   , -   , -   , -   , -   
19, -   , -   , -   , -   , -   , -   , -   , -   , -   , -   , -   , -   , -   , -   , -   , -   , -   , -   , -   , -   
20, -   , -   , -   , -   , -   , -   , -   , -   , -   , -   , -   , -   , -   , -   , -   , -   , -   , -   , -   , -   
21, -   , -   , -   , -   , -   , -   , -   , -   , -   , -   , -   , -   , -   , -   , -   , -   , -   , -   , -   , -   
22, -   , -   , -   , -   , -   , -   , -   , -   , -   , -   , -   , -   , -   , -   , -   , -   , -   , -   , -   , -   
23, -   , -   , -   , -   , -   , -   , -   , -   , -   , -   , -   , -   , -   , -   , -   , -   , -   , -   , -   , -   
24, -   , -   , -   , -   , -   , -   , -   , -   , -   , -   , -   , -   , -   , -   , -   , -   , -   , -   , -   , -   
25, -   , -   , -   , -   , -   , -   , -   , -   , -   , -   , -   , -   , -   , -   , -   , -   , -   , -   , -   , -   
26, -   , -   , -   , -   , -   , -   , -   , -   , -   , -   , -   , -   , -   , -   , -   , -   , -   , -   , -   , -   
27, -   , -   , -   , -   , -   , -   , -   , -   , -   , -   , -   , -   , -   , -   , -   , -   , -   , -   , -   , -   
28, -   , -   , -   , -   , -   , -   , -   , -   , -   , -   , -   , -   , -   , -   , -   , -   , -   , -   , -   , -   
29, -   , -   , -   , -   , -   , -   , -   , -   , -   , -   , -   , -   , -   , -   , -   , -   , -   , -   , -   , -   
30, -   , -   , -   , -   , -   , -   , -   , -   , -   , -   , -   , -   , -   , -   , -   , -   , -   , -   , -   , -   
31, -   , -   , -   , -   , -   , -   , -   , -   , -   , -   , -   , -   , -   , -   , -   , -   , -   , -   , -   , -   
32, -   , -   , -   , -   , -   , -   , -   , -   , -   , -   , -   , -   , -   , -   , -   , -   , -   , -   , -   , -   
33, -   , -   , -   , -   , -   , -   , -   , -   , -   , -   , -   , -   , -   , -   , -   , -   , -   , -   , -   , -   
34, -   , -   , -   , -   , -   , -   , -   , -   , -   , -   , -   , -   , -   , -   , -   , -   , -   , -   , -   , -   
35, -   , -   , -   , -   , -   , -   , -   , -   , -   , -   , -   , -   , -   , -   , -   , -   , -   , -   , -   , -   
36, -   , -   , -   , -   , -   , -   , -   , -   , -   , -   , -   , -   , -   , -   , -   , -   , -   , -   , -   , -   
37, -   , -   , -   , -   , -   , -   , -   , -   , -   , -   , -   , -   , -   , -   , -   , -   , -   , -   , -   , -   
38, -   , -   , -   , -   , -   , -   , -   , -   , -   , -   , -   , -   , -   , -   , -   , -   , -   , -   , -   , -   
39, -   , -   , -   , -   , -   , -   , -   , -   , -   , -   , -   , -   , -   , -   , -   , -   , -   , -   , -   , -   
40, -   , -   , -   , -   , -   , -   , -   , -   , -   , -   , -   , -   , -   , -   , -   , -   , -   , -   , -   , -   
41, -   , -   , -   , -   , -   , -   , -   , -   , -   , -   , -   , -   , -   , -   , -   , -   , -   , -   , -   , -   
42, -   , -   , -   , -   , -   , -   , -   , -   , -   , -   , -   , -   , -   , -   , -   , -   , -   , -   , -   , -   
43, 0.51 , 1.04 , 1.57 , 2.08 , 2.56 , 2.99 , 3.32 , 3.59 , 3.82 , 4.03 , 4.23 , 4.40 , 4.52 , 4.61 , 4.68 , 4.72 , 4.75 , 4.76 , 4.77 , 4.78 
44, 0.55 , 1.11 , 1.67 , 2.22 , 2.73 , 3.18 , 3.53 , 3.81 , 4.06 , 4.28 , 4.48 , 4.66 , 4.78 , 4.86 , 4.93 , 4.97 , 5.00 , 5.01 , 5.02 , 5.03 
45, 0.58 , 1.18 , 1.78 , 2.36 , 2.90 , 3.38 , 3.75 , 4.04 , 4.31 , 4.54 , 4.75 , 4.93 , 5.05 , 5.13 , 5.20 , 5.24 , 5.26 , 5.28 , 5.29 , 5.30 
46, 0.62 , 1.25 , 1.89 , 2.51 , 3.08 , 3.59 , 3.97 , 4.28 , 4.56 , 4.81 , 5.03 , 5.21 , 5.33 , 5.41 , 5.47 , 5.51 , 5.54 , 5.55 , 5.56 , 5.57 
47, 0.65 , 1.33 , 2.00 , 2.65 , 3.26 , 3.79 , 4.20 , 4.51 , 4.82 , 5.08 , 5.31 , 5.48 , 5.61 , 5.69 , 5.75 , 5.79 , 5.81 , 5.83 , 5.83 , 5.84 
48, 0.69 , 1.40 , 2.11 , 2.79 , 3.43 , 4.00 , 4.41 , 4.74 , 5.07 , 5.35 , 5.58 , 5.76 , 5.88 , 5.96 , 6.02 , 6.06 , 6.08 , 6.09 , 6.10 , 6.11 
49, 0.72 , 1.46 , 2.21 , 2.93 , 3.60 , 4.19 , 4.62 , 4.96 , 5.30 , 5.60 , 5.83 , 6.01 , 6.13 , 6.21 , 6.27 , 6.31 , 6.33 , 6.34 , 6.35 , 6.36 
50, 0.75 , 1.53 , 2.30 , 3.05 , 3.75 , 4.36 , 4.81 , 5.16 , 5.52 , 5.82 , 6.06 , 6.24 , 6.36 , 6.44 , 6.50 , 6.54 , 6.56 , 6.57 , 6.58 , 6.59 
51, 0.78 , 1.58 , 2.38 , 3.16 , 3.88 , 4.51 , 4.98 , 5.34 , 5.70 , 6.02 , 6.26 , 6.44 , 6.56 , 6.64 , 6.70 , 6.73 , 6.76 , 6.77 , 6.77 , 6.78 
52, 0.80 , 1.63 , 2.45 , 3.25 , 3.99 , 4.64 , 5.11 , 5.48 , 5.86 , 6.18 , 6.42 , 6.60 , 6.72 , 6.80 , 6.86 , 6.89 , 6.91 , 6.92 , 6.93 , 6.94 
53, 0.81 , 1.66 , 2.50 , 3.32 , 4.07 , 4.74 , 5.22 , 5.59 , 5.97 , 6.30 , 6.54 , 6.71 , 6.83 , 6.91 , 6.97 , 7.00 , 7.02 , 7.03 , 7.04 , 7.05 
54, 0.83 , 1.68 , 2.54 , 3.37 , 4.13 , 4.80 , 5.29 , 5.67 , 6.05 , 6.38 , 6.61 , 6.78 , 6.90 , 6.98 , 7.03 , 7.07 , 7.09 , 7.10 , 7.11 , 7.12 
55, 0.83 , 1.70 , 2.56 , 3.40 , 4.17 , 4.85 , 5.34 , 5.72 , 6.10 , 6.43 , 6.65 , 6.82 , 6.94 , 7.01 , 7.07 , 7.10 , 7.12 , 7.13 , 7.14 , 7.15 
56, 0.84 , 1.71 , 2.58 , 3.42 , 4.20 , 4.88 , 5.37 , 5.75 , 6.13 , 6.45 , 6.67 , 6.83 , 6.95 , 7.03 , 7.08 , 7.11 , 7.13 , 7.14 , 7.15 , 7.16 
57, 0.84 , 1.72 , 2.59 , 3.43 , 4.21 , 4.90 , 5.39 , 5.77 , 6.15 , 6.46 , 6.68 , 6.83 , 6.94 , 7.02 , 7.08 , 7.11 , 7.13 , 7.14 , 7.15 , 7.16 
58, 0.85 , 1.72 , 2.60 , 3.44 , 4.23 , 4.91 , 5.41 , 5.79 , 6.16 , 6.47 , 6.68 , 6.82 , 6.93 , 7.01 , 7.07 , 7.10 , 7.12 , 7.13 , 7.14 , 7.15 
59, 0.85 , 1.73 , 2.61 , 3.45 , 4.24 , 4.93 , 5.43 , 5.80 , 6.18 , 6.48 , 6.68 , 6.82 , 6.93 , 7.01 , 7.06 , 7.10 , 7.12 , 7.13 , 7.14 , 7.15 
60, 0.85 , 1.74 , 2.62 , 3.47 , 4.26 , 4.95 , 5.45 , 5.83 , 6.20 , 6.50 , 6.69 , 6.83 , 6.94 , 7.02 , 7.07 , 7.11 , 7.13 , 7.15 , 7.16 , 7.17 
61, 0.86 , 1.75 , 2.63 , 3.49 , 4.28 , 4.98 , 5.48 , 5.86 , 6.23 , 6.53 , 6.72 , 6.85 , 6.96 , 7.04 , 7.10 , 7.13 , 7.16 , 7.17 , 7.18 , 7.20 
62, 0.86 , 1.75 , 2.65 , 3.51 , 4.31 , 5.00 , 5.51 , 5.89 , 6.26 , 6.55 , 6.74 , 6.87 , 6.98 , 7.06 , 7.12 , 7.16 , 7.18 , 7.20 , 7.21 , 7.23 
63, 0.87 , 1.76 , 2.66 , 3.53 , 4.33 , 5.03 , 5.54 , 5.92 , 6.28 , 6.57 , 6.76 , 6.89 , 7.00 , 7.08 , 7.14 , 7.18 , 7.21 , 7.22 , 7.24 , 7.26 
64, 0.87 , 1.77 , 2.67 , 3.54 , 4.35 , 5.05 , 5.57 , 5.95 , 6.31 , 6.59 , 6.77 , 6.90 , 7.01 , 7.10 , 7.16 , 7.20 , 7.23 , 7.25 , 7.27 , 7.29 
65, 0.87 , 1.78 , 2.69 , 3.56 , 4.37 , 5.07 , 5.59 , 5.97 , 6.33 , 6.61 , 6.79 , 6.92 , 7.03 , 7.12 , 7.18 , 7.22 , 7.25 , 7.28 , 7.29 , 7.32 
66, 0.88 , 1.79 , 2.70 , 3.57 , 4.38 , 5.10 , 5.61 , 6.00 , 6.35 , 6.62 , 6.80 , 6.93 , 7.05 , 7.13 , 7.20 , 7.24 , 7.28 , 7.30 , 7.32 , 7.34 
67, 0.88 , 1.79 , 2.71 , 3.59 , 4.40 , 5.11 , 5.64 , 6.02 , 6.37 , 6.64 , 6.82 , 6.95 , 7.06 , 7.15 , 7.22 , 7.26 , 7.30 , 7.33 , 7.35 , 7.37 
68, 0.88 , 1.80 , 2.72 , 3.60 , 4.42 , 5.13 , 5.66 , 6.04 , 6.38 , 6.65 , 6.83 , 6.96 , 7.07 , 7.17 , 7.23 , 7.28 , 7.32 , 7.35 , 7.38 , 7.40 
69, 0.89 , 1.81 , 2.73 , 3.61 , 4.43 , 5.15 , 5.68 , 6.06 , 6.40 , 6.66 , 6.84 , 6.97 , 7.09 , 7.18 , 7.25 , 7.30 , 7.34 , 7.37 , 7.40 , 7.43 
70, 0.89 , 1.81 , 2.73 , 3.62 , 4.44 , 5.16 , 5.69 , 6.08 , 6.42 , 6.67 , 6.85 , 6.98 , 7.10 , 7.19 , 7.26 , 7.32 , 7.36 , 7.40 , 7.43 , 7.46 
71, 0.89 , 1.82 , 2.74 , 3.63 , 4.46 , 5.18 , 5.71 , 6.10 , 6.43 , 6.68 , 6.86 , 6.99 , 7.11 , 7.20 , 7.28 , 7.34 , 7.38 , 7.42 , 7.45 , 7.48 
72, 0.89 , 1.82 , 2.75 , 3.64 , 4.47 , 5.19 , 5.72 , 6.11 , 6.44 , 6.69 , 6.87 , 7.00 , 7.11 , 7.21 , 7.29 , 7.35 , 7.40 , 7.44 , 7.47 , 7.51 
73, 0.90 , 1.82 , 2.75 , 3.65 , 4.48 , 5.20 , 5.74 , 6.13 , 6.45 , 6.70 , 6.88 , 7.01 , 7.12 , 7.22 , 7.30 , 7.37 , 7.42 , 7.46 , 7.50 , 7.54 
74, 0.90 , 1.83 , 2.76 , 3.65 , 4.48 , 5.21 , 5.75 , 6.14 , 6.46 , 6.71 , 6.89 , 7.01 , 7.13 , 7.22 , 7.31 , 7.38 , 7.43 , 7.48 , 7.52 , 7.56 
75, 0.90 , 1.83 , 2.76 , 3.66 , 4.49 , 5.22 , 5.76 , 6.15 , 6.47 , 6.72 , 6.89 , 7.02 , 7.13 , 7.22 , 7.31 , 7.39 , 7.45 , 7.49 , 7.54 , 7.58 
76, 0.90 , 1.83 , 2.77 , 3.66 , 4.50 , 5.23 , 5.77 , 6.16 , 6.48 , 6.73 , 6.90 , 7.02 , 7.13 , 7.22 , 7.32 , 7.40 , 7.46 , 7.51 , 7.55 , 7.60 
77, 0.90 , 1.83 , 2.77 , 3.67 , 4.50 , 5.23 , 5.77 , 6.16 , 6.49 , 6.74 , 6.90 , 7.03 , 7.13 , 7.22 , 7.32 , 7.41 , 7.47 , 7.52 , 7.57 , 7.62 
78, 0.90 , 1.83 , 2.77 , 3.67 , 4.50 , 5.23 , 5.77 , 6.17 , 6.49 , 6.74 , 6.91 , 7.03 , 7.13 , 7.22 , 7.32 , 7.41 , 7.48 , 7.53 , 7.58 , 7.64 
79, 0.90 , 1.83 , 2.77 , 3.67 , 4.50 , 5.23 , 5.77 , 6.17 , 6.50 , 6.75 , 6.91 , 7.03 , 7.13 , 7.22 , 7.32 , 7.41 , 7.48 , 7.54 , 7.60 , 7.66 
80, 0.90 , 1.83 , 2.77 , 3.67 , 4.50 , 5.23 , 5.77 , 6.16 , 6.50 , 6.75 , 6.91 , 7.02 , 7.13 , 7.22 , 7.32 , 7.41 , 7.49 , 7.55 , 7.61 , 7.67 
81, 0.90 , 1.83 , 2.77 , 3.66 , 4.50 , 5.23 , 5.77 , 6.16 , 6.50 , 6.75 , 6.91 , 7.02 , 7.12 , 7.22 , 7.32 , 7.41 , 7.49 , 7.56 , 7.62 , 7.69 
82, 0.90 , 1.83 , 2.76 , 3.66 , 4.49 , 5.22 , 5.76 , 6.16 , 6.50 , 6.76 , 6.91 , 7.02 , 7.12 , 7.22 , 7.32 , 7.41 , 7.49 , 7.56 , 7.63 , 7.70 
83, 0.90 , 1.83 , 2.76 , 3.66 , 4.49 , 5.22 , 5.75 , 6.15 , 6.50 , 6.76 , 6.91 , 7.01 , 7.12 , 7.22 , 7.32 , 7.41 , 7.49 , 7.57 , 7.64 , 7.72 
84, 0.90 , 1.83 , 2.76 , 3.65 , 4.48 , 5.21 , 5.75 , 6.14 , 6.49 , 6.76 , 6.91 , 7.01 , 7.12 , 7.22 , 7.32 , 7.41 , 7.49 , 7.57 , 7.65 , 7.73 
85, 0.90 , 1.82 , 2.75 , 3.65 , 4.48 , 5.21 , 5.74 , 6.14 , 6.49 , 6.76 , 6.91 , 7.00 , 7.12 , 7.22 , 7.32 , 7.41 , 7.49 , 7.58 , 7.66 , 7.74 
86, 0.89 , 1.82 , 2.75 , 3.64 , 4.47 , 5.20 , 5.73 , 6.13 , 6.49 , 6.76 , 6.91 , 7.00 , 7.11 , 7.22 , 7.32 , 7.41 , 7.50 , 7.58 , 7.67 , 7.76 
87, 0.89 , 1.82 , 2.75 , 3.64 , 4.47 , 5.19 , 5.73 , 6.13 , 6.49 , 6.76 , 6.91 , 7.00 , 7.11 , 7.22 , 7.32 , 7.41 , 7.50 , 7.59 , 7.68 , 7.77 
88, 0.89 , 1.82 , 2.74 , 3.64 , 4.46 , 5.19 , 5.72 , 6.12 , 6.49 , 6.77 , 6.91 , 7.00 , 7.11 , 7.22 , 7.32 , 7.41 , 7.50 , 7.59 , 7.69 , 7.78 
89, 0.89 , 1.82 , 2.74 , 3.63 , 4.46 , 5.18 , 5.72 , 6.12 , 6.49 , 6.77 , 6.91 , 7.00 , 7.11 , 7.22 , 7.32 , 7.41 , 7.51 , 7.60 , 7.70 , 7.79 
90, 0.89 , 1.81 , 2.74 , 3.63 , 4.45 , 5.18 , 5.72 , 6.12 , 6.49 , 6.77 , 6.91 , 7.00 , 7.11 , 7.22 , 7.32 , 7.42 , 7.52 , 7.61 , 7.71 , 7.80 
91, 0.89 , 1.81 , 2.74 , 3.63 , 4.45 , 5.18 , 5.72 , 6.12 , 6.49 , 6.77 , 6.92 , 7.00 , 7.11 , 7.22 , 7.33 , 7.43 , 7.53 , 7.62 , 7.72 , 7.81 
92, 0.89 , 1.81 , 2.73 , 3.62 , 4.45 , 5.17 , 5.72 , 6.12 , 6.49 , 6.78 , 6.92 , 7.01 , 7.12 , 7.23 , 7.33 , 7.44 , 7.54 , 7.63 , 7.72 , 7.82 
93, 0.89 , 1.81 , 2.73 , 3.62 , 4.44 , 5.17 , 5.72 , 6.13 , 6.50 , 6.78 , 6.93 , 7.02 , 7.13 , 7.23 , 7.35 , 7.45 , 7.55 , 7.64 , 7.73 , 7.83 
94, 0.89 , 1.81 , 2.73 , 3.62 , 4.44 , 5.17 , 5.72 , 6.13 , 6.50 , 6.79 , 6.93 , 7.03 , 7.14 , 7.24 , 7.36 , 7.47 , 7.56 , 7.65 , 7.74 , 7.83 
95, 0.89 , 1.81 , 2.73 , 3.61 , 4.44 , 5.17 , 5.72 , 6.14 , 6.51 , 6.79 , 6.94 , 7.04 , 7.15 , 7.26 , 7.37 , 7.48 , 7.58 , 7.67 , 7.75 , 7.84 
96, 0.89 , 1.81 , 2.72 , 3.61 , 4.44 , 5.17 , 5.72 , 6.14 , 6.51 , 6.79 , 6.95 , 7.05 , 7.16 , 7.27 , 7.39 , 7.50 , 7.59 , 7.68 , 7.76 , 7.84 
97, 0.89 , 1.80 , 2.72 , 3.61 , 4.44 , 5.17 , 5.72 , 6.15 , 6.52 , 6.80 , 6.96 , 7.06 , 7.17 , 7.29 , 7.41 , 7.52 , 7.61 , 7.69 , 7.77 , 7.85 
98, 0.89 , 1.80 , 2.72 , 3.61 , 4.43 , 5.17 , 5.73 , 6.15 , 6.52 , 6.80 , 6.96 , 7.07 , 7.19 , 7.30 , 7.42 , 7.53 , 7.62 , 7.70 , 7.77 , 7.85 
99, 0.89 , 1.80 , 2.72 , 3.60 , 4.43 , 5.16 , 5.73 , 6.16 , 6.53 , 6.81 , 6.97 , 7.08 , 7.20 , 7.32 , 7.44 , 7.55 , 7.64 , 7.71 , 7.78 , 7.85 
100, 0.89 , 1.80 , 2.72 , 3.60 , 4.43 , 5.16 , 5.73 , 6.17 , 6.53 , 6.81 , 6.98 , 7.09 , 7.22 , 7.34 , 7.46 , 7.57 , 7.65 , 7.72 , 7.79 , 7.86 
101, 0.88 , 1.80 , 2.71 , 3.60 , 4.42 , 5.16 , 5.73 , 6.17 , 6.54 , 6.82 , 6.99 , 7.11 , 7.23 , 7.36 , 7.48 , 7.59 , 7.67 , 7.73 , 7.80 , 7.86 
102, 0.88 , 1.80 , 2.71 , 3.59 , 4.42 , 5.16 , 5.73 , 6.18 , 6.54 , 6.82 , 6.99 , 7.12 , 7.25 , 7.38 , 7.50 , 7.60 , 7.68 , 7.75 , 7.80 , 7.86 
103, 0.88 , 1.80 , 2.71 , 3.59 , 4.42 , 5.16 , 5.74 , 6.18 , 6.55 , 6.82 , 7.00 , 7.13 , 7.26 , 7.39 , 7.52 , 7.62 , 7.70 , 7.76 , 7.81 , 7.87 
104, 0.88 , 1.79 , 2.70 , 3.59 , 4.41 , 5.15 , 5.73 , 6.18 , 6.55 , 6.83 , 7.00 , 7.14 , 7.28 , 7.41 , 7.53 , 7.64 , 7.71 , 7.77 , 7.82 , 7.87 
105, 0.88 , 1.79 , 2.70 , 3.58 , 4.41 , 5.15 , 5.73 , 6.19 , 6.55 , 6.83 , 7.01 , 7.15 , 7.29 , 7.42 , 7.55 , 7.65 , 7.72 , 7.78 , 7.83 , 7.88 
106, 0.88 , 1.79 , 2.70 , 3.58 , 4.40 , 5.14 , 5.73 , 6.19 , 6.55 , 6.83 , 7.01 , 7.15 , 7.30 , 7.44 , 7.56 , 7.66 , 7.73 , 7.79 , 7.84 , 7.89 
107, 0.88 , 1.79 , 2.69 , 3.57 , 4.39 , 5.14 , 5.73 , 6.18 , 6.55 , 6.83 , 7.02 , 7.16 , 7.31 , 7.45 , 7.57 , 7.67 , 7.74 , 7.80 , 7.84 , 7.90 
108, 0.88 , 1.78 , 2.69 , 3.56 , 4.39 , 5.13 , 5.72 , 6.18 , 6.55 , 6.83 , 7.02 , 7.17 , 7.32 , 7.46 , 7.58 , 7.68 , 7.75 , 7.81 , 7.85 , 7.91 
109, 0.88 , 1.78 , 2.68 , 3.56 , 4.38 , 5.12 , 5.71 , 6.18 , 6.54 , 6.82 , 7.02 , 7.17 , 7.33 , 7.47 , 7.59 , 7.69 , 7.76 , 7.81 , 7.86 , 7.92 
110, 0.87 , 1.77 , 2.68 , 3.55 , 4.37 , 5.11 , 5.71 , 6.17 , 6.54 , 6.82 , 7.02 , 7.17 , 7.33 , 7.47 , 7.59 , 7.69 , 7.76 , 7.82 , 7.87 , 7.93 
111, 0.87 , 1.77 , 2.67 , 3.54 , 4.36 , 5.10 , 5.70 , 6.16 , 6.53 , 6.82 , 7.01 , 7.17 , 7.33 , 7.47 , 7.59 , 7.69 , 7.77 , 7.83 , 7.89 , 7.95 
112, 0.87 , 1.77 , 2.66 , 3.53 , 4.35 , 5.09 , 5.68 , 6.15 , 6.52 , 6.81 , 7.01 , 7.17 , 7.33 , 7.47 , 7.59 , 7.69 , 7.78 , 7.84 , 7.90 , 7.97 
113, 0.87 , 1.76 , 2.66 , 3.52 , 4.34 , 5.07 , 5.67 , 6.13 , 6.51 , 6.80 , 7.00 , 7.16 , 7.32 , 7.46 , 7.59 , 7.70 , 7.78 , 7.86 , 7.92 , 7.99 
114, 0.86 , 1.76 , 2.65 , 3.51 , 4.32 , 5.06 , 5.65 , 6.12 , 6.50 , 6.79 , 7.00 , 7.15 , 7.31 , 7.46 , 7.59 , 7.70 , 7.79 , 7.87 , 7.94 , 8.02 
115, 0.86 , 1.75 , 2.64 , 3.50 , 4.31 , 5.04 , 5.63 , 6.10 , 6.49 , 6.78 , 6.99 , 7.15 , 7.30 , 7.45 , 7.58 , 7.70 , 7.80 , 7.88 , 7.96 , 8.05 
116, 0.86 , 1.74 , 2.63 , 3.49 , 4.30 , 5.03 , 5.61 , 6.08 , 6.47 , 6.77 , 6.98 , 7.14 , 7.29 , 7.44 , 7.58 , 7.70 , 7.81 , 7.90 , 7.98 , 8.07 
117, 0.86 , 1.74 , 2.62 , 3.48 , 4.28 , 5.01 , 5.59 , 6.06 , 6.45 , 6.76 , 6.97 , 7.13 , 7.28 , 7.43 , 7.57 , 7.70 , 7.81 , 7.91 , 8.00 , 8.10 
118, 0.85 , 1.73 , 2.61 , 3.46 , 4.26 , 4.99 , 5.57 , 6.03 , 6.43 , 6.74 , 6.96 , 7.11 , 7.27 , 7.41 , 7.56 , 7.70 , 7.82 , 7.92 , 8.02 , 8.12 
119, 0.85 , 1.72 , 2.60 , 3.45 , 4.24 , 4.96 , 5.54 , 6.01 , 6.41 , 6.73 , 6.94 , 7.10 , 7.26 , 7.40 , 7.56 , 7.70 , 7.82 , 7.93 , 8.03 , 8.14 
120, 0.84 , 1.71 , 2.58 , 3.43 , 4.22 , 4.94 , 5.52 , 5.98 , 6.39 , 6.71 , 6.93 , 7.09 , 7.24 , 7.39 , 7.55 , 7.70 , 7.82 , 7.94 , 8.04 , 8.15 
121, 0.84 , 1.71 , 2.57 , 3.41 , 4.20 , 4.91 , 5.49 , 5.95 , 6.36 , 6.69 , 6.91 , 7.08 , 7.23 , 7.38 , 7.54 , 7.70 , 7.82 , 7.94 , 8.05 , 8.16 
122, 0.84 , 1.70 , 2.56 , 3.39 , 4.18 , 4.89 , 5.46 , 5.92 , 6.33 , 6.67 , 6.90 , 7.06 , 7.22 , 7.37 , 7.53 , 7.69 , 7.82 , 7.94 , 8.05 , 8.16 
123, 0.83 , 1.69 , 2.54 , 3.37 , 4.15 , 4.86 , 5.43 , 5.89 , 6.31 , 6.65 , 6.88 , 7.05 , 7.21 , 7.35 , 7.52 , 7.68 , 7.81 , 7.93 , 8.05 , 8.17 
124, 0.83 , 1.68 , 2.53 , 3.35 , 4.13 , 4.83 , 5.39 , 5.85 , 6.28 , 6.63 , 6.86 , 7.04 , 7.19 , 7.34 , 7.51 , 7.67 , 7.80 , 7.93 , 8.05 , 8.17 
125, 0.82 , 1.67 , 2.51 , 3.33 , 4.10 , 4.80 , 5.36 , 5.81 , 6.25 , 6.60 , 6.84 , 7.02 , 7.18 , 7.32 , 7.49 , 7.65 , 7.79 , 7.92 , 8.04 , 8.17 
126, 0.82 , 1.66 , 2.50 , 3.31 , 4.08 , 4.77 , 5.32 , 5.78 , 6.21 , 6.58 , 6.83 , 7.01 , 7.17 , 7.31 , 7.47 , 7.63 , 7.77 , 7.91 , 8.04 , 8.17 
127, 0.81 , 1.64 , 2.48 , 3.29 , 4.05 , 4.74 , 5.29 , 5.74 , 6.18 , 6.55 , 6.81 , 6.99 , 7.15 , 7.29 , 7.46 , 7.61 , 7.76 , 7.89 , 8.03 , 8.16 
128, 0.80 , 1.63 , 2.46 , 3.27 , 4.02 , 4.71 , 5.25 , 5.70 , 6.15 , 6.52 , 6.78 , 6.98 , 7.14 , 7.28 , 7.44 , 7.59 , 7.74 , 7.88 , 8.02 , 8.16 
129, 0.80 , 1.62 , 2.44 , 3.24 , 3.99 , 4.67 , 5.21 , 5.66 , 6.11 , 6.50 , 6.76 , 6.96 , 7.12 , 7.26 , 7.42 , 7.57 , 7.72 , 7.87 , 8.01 , 8.15 
130, 0.79 , 1.61 , 2.43 , 3.22 , 3.96 , 4.64 , 5.17 , 5.62 , 6.07 , 6.47 , 6.74 , 6.94 , 7.11 , 7.25 , 7.40 , 7.55 , 7.70 , 7.85 , 8.00 , 8.15 
131, 0.79 , 1.60 , 2.41 , 3.19 , 3.93 , 4.60 , 5.13 , 5.58 , 6.04 , 6.44 , 6.72 , 6.93 , 7.09 , 7.23 , 7.38 , 7.53 , 7.68 , 7.83 , 7.98 , 8.14 
132, 0.78 , 1.58 , 2.39 , 3.17 , 3.90 , 4.57 , 5.09 , 5.53 , 6.00 , 6.40 , 6.69 , 6.91 , 7.07 , 7.21 , 7.36 , 7.51 , 7.66 , 7.82 , 7.97 , 8.13 
133, 0.77 , 1.57 , 2.37 , 3.14 , 3.87 , 4.53 , 5.05 , 5.49 , 5.96 , 6.37 , 6.66 , 6.89 , 7.05 , 7.20 , 7.34 , 7.49 , 7.64 , 7.80 , 7.96 , 8.12 
134, 0.77 , 1.56 , 2.35 , 3.11 , 3.83 , 4.49 , 5.01 , 5.45 , 5.92 , 6.34 , 6.64 , 6.86 , 7.04 , 7.18 , 7.32 , 7.47 , 7.62 , 7.78 , 7.94 , 8.10 
135, 0.76 , 1.54 , 2.32 , 3.08 , 3.80 , 4.45 , 4.97 , 5.41 , 5.88 , 6.30 , 6.61 , 6.84 , 7.02 , 7.16 , 7.30 , 7.45 , 7.61 , 7.77 , 7.93 , 8.09 
136, 0.75 , 1.53 , 2.30 , 3.05 , 3.76 , 4.41 , 4.92 , 5.37 , 5.84 , 6.26 , 6.57 , 6.81 , 6.99 , 7.14 , 7.29 , 7.43 , 7.59 , 7.75 , 7.91 , 8.08 
137, 0.74 , 1.51 , 2.27 , 3.02 , 3.72 , 4.36 , 4.88 , 5.32 , 5.80 , 6.22 , 6.54 , 6.79 , 6.97 , 7.12 , 7.27 , 7.41 , 7.57 , 7.73 , 7.89 , 8.06 
138, 0.74 , 1.49 , 2.25 , 2.98 , 3.68 , 4.31 , 4.83 , 5.28 , 5.75 , 6.17 , 6.50 , 6.76 , 6.95 , 7.10 , 7.25 , 7.39 , 7.55 , 7.71 , 7.87 , 8.04 
139, 0.73 , 1.47 , 2.22 , 2.94 , 3.63 , 4.26 , 4.78 , 5.23 , 5.70 , 6.13 , 6.46 , 6.73 , 6.92 , 7.08 , 7.23 , 7.37 , 7.53 , 7.69 , 7.85 , 8.02 
140, 0.72 , 1.45 , 2.19 , 2.91 , 3.59 , 4.21 , 4.73 , 5.18 , 5.65 , 6.08 , 6.42 , 6.70 , 6.90 , 7.06 , 7.21 , 7.35 , 7.51 , 7.67 , 7.83 , 7.99 
141, 0.71 , 1.43 , 2.16 , 2.87 , 3.54 , 4.16 , 4.68 , 5.13 , 5.60 , 6.02 , 6.38 , 6.66 , 6.87 , 7.04 , 7.19 , 7.33 , 7.49 , 7.65 , 7.81 , 7.97 
142, 0.70 , 1.41 , 2.13 , 2.82 , 3.49 , 4.11 , 4.62 , 5.08 , 5.55 , 5.97 , 6.33 , 6.63 , 6.85 , 7.02 , 7.17 , 7.31 , 7.47 , 7.62 , 7.78 , 7.94 
143, 0.69 , 1.39 , 2.10 , 2.78 , 3.44 , 4.05 , 4.57 , 5.03 , 5.50 , 5.92 , 6.29 , 6.60 , 6.82 , 7.00 , 7.15 , 7.29 , 7.44 , 7.60 , 7.76 , 7.91 
144, 0.68 , 1.37 , 2.07 , 2.74 , 3.39 , 4.00 , 4.52 , 4.99 , 5.45 , 5.87 , 6.24 , 6.56 , 6.79 , 6.97 , 7.13 , 7.27 , 7.42 , 7.58 , 7.73 , 7.89 
145, 0.67 , 1.35 , 2.04 , 2.71 , 3.35 , 3.95 , 4.47 , 4.94 , 5.40 , 5.82 , 6.20 , 6.53 , 6.77 , 6.95 , 7.11 , 7.25 , 7.40 , 7.55 , 7.71 , 7.86 
146, 0.66 , 1.33 , 2.01 , 2.67 , 3.31 , 3.90 , 4.43 , 4.90 , 5.35 , 5.77 , 6.16 , 6.49 , 6.74 , 6.93 , 7.09 , 7.23 , 7.38 , 7.53 , 7.68 , 7.84 
147, 0.65 , 1.32 , 1.98 , 2.63 , 3.26 , 3.86 , 4.38 , 4.85 , 5.30 , 5.72 , 6.12 , 6.46 , 6.71 , 6.91 , 7.07 , 7.21 , 7.36 , 7.51 , 7.66 , 7.81 
148, 0.65 , 1.30 , 1.96 , 2.60 , 3.23 , 3.81 , 4.34 , 4.81 , 5.26 , 5.68 , 6.08 , 6.43 , 6.69 , 6.89 , 7.05 , 7.19 , 7.34 , 7.49 , 7.64 , 7.79 
149, 0.64 , 1.29 , 1.94 , 2.57 , 3.19 , 3.77 , 4.30 , 4.77 , 5.22 , 5.64 , 6.04 , 6.40 , 6.66 , 6.87 , 7.03 , 7.18 , 7.33 , 7.47 , 7.62 , 7.77 
150, 0.63 , 1.27 , 1.92 , 2.55 , 3.16 , 3.74 , 4.26 , 4.74 , 5.18 , 5.60 , 6.01 , 6.37 , 6.64 , 6.85 , 7.02 , 7.16 , 7.31 , 7.46 , 7.60 , 7.75 
151, 0.63 , 1.26 , 1.90 , 2.53 , 3.13 , 3.71 , 4.23 , 4.71 , 5.15 , 5.57 , 5.98 , 6.34 , 6.62 , 6.83 , 7.00 , 7.14 , 7.29 , 7.44 , 7.59 , 7.73 
152, 0.62 , 1.25 , 1.88 , 2.50 , 3.11 , 3.68 , 4.20 , 4.68 , 5.12 , 5.53 , 5.95 , 6.32 , 6.59 , 6.81 , 6.98 , 7.13 , 7.28 , 7.43 , 7.57 , 7.72 
153, 0.62 , 1.24 , 1.87 , 2.48 , 3.08 , 3.65 , 4.17 , 4.65 , 5.09 , 5.50 , 5.92 , 6.29 , 6.57 , 6.79 , 6.97 , 7.12 , 7.27 , 7.41 , 7.56 , 7.70 
154, 0.61 , 1.23 , 1.85 , 2.47 , 3.06 , 3.63 , 4.15 , 4.62 , 5.06 , 5.47 , 5.89 , 6.26 , 6.55 , 6.77 , 6.95 , 7.10 , 7.25 , 7.40 , 7.54 , 7.69 
155, 0.61 , 1.22 , 1.84 , 2.45 , 3.04 , 3.60 , 4.12 , 4.59 , 5.03 , 5.44 , 5.86 , 6.24 , 6.53 , 6.76 , 6.94 , 7.09 , 7.24 , 7.38 , 7.53 , 7.67 
156, 0.60 , 1.22 , 1.83 , 2.43 , 3.02 , 3.58 , 4.10 , 4.57 , 5.00 , 5.41 , 5.83 , 6.21 , 6.50 , 6.74 , 6.92 , 7.07 , 7.23 , 7.37 , 7.51 , 7.66 
157, 0.60 , 1.21 , 1.82 , 2.42 , 3.00 , 3.56 , 4.07 , 4.54 , 4.98 , 5.39 , 5.80 , 6.19 , 6.48 , 6.72 , 6.91 , 7.06 , 7.21 , 7.36 , 7.50 , 7.65 
158, 0.60 , 1.20 , 1.81 , 2.40 , 2.99 , 3.54 , 4.05 , 4.52 , 4.95 , 5.36 , 5.78 , 6.16 , 6.46 , 6.70 , 6.89 , 7.05 , 7.20 , 7.35 , 7.49 , 7.63 
159, 0.59 , 1.20 , 1.80 , 2.39 , 2.97 , 3.52 , 4.03 , 4.50 , 4.93 , 5.33 , 5.75 , 6.14 , 6.44 , 6.68 , 6.88 , 7.04 , 7.19 , 7.34 , 7.48 , 7.62 
160, 0.59 , 1.19 , 1.79 , 2.38 , 2.96 , 3.51 , 4.01 , 4.48 , 4.90 , 5.31 , 5.73 , 6.11 , 6.42 , 6.67 , 6.86 , 7.02 , 7.18 , 7.32 , 7.47 , 7.61 
161, 0.59 , 1.18 , 1.78 , 2.37 , 2.94 , 3.49 , 3.99 , 4.46 , 4.88 , 5.29 , 5.70 , 6.09 , 6.40 , 6.65 , 6.85 , 7.01 , 7.17 , 7.31 , 7.45 , 7.60 
162, 0.59 , 1.18 , 1.77 , 2.36 , 2.93 , 3.47 , 3.98 , 4.44 , 4.86 , 5.26 , 5.68 , 6.06 , 6.37 , 6.63 , 6.83 , 7.00 , 7.16 , 7.30 , 7.44 , 7.59 
163, 0.58 , 1.17 , 1.77 , 2.35 , 2.92 , 3.46 , 3.96 , 4.42 , 4.84 , 5.24 , 5.66 , 6.04 , 6.35 , 6.61 , 6.82 , 6.99 , 7.15 , 7.29 , 7.43 , 7.58 
164, 0.58 , 1.17 , 1.76 , 2.34 , 2.91 , 3.45 , 3.94 , 4.40 , 4.82 , 5.22 , 5.63 , 6.02 , 6.33 , 6.60 , 6.81 , 6.98 , 7.14 , 7.28 , 7.42 , 7.56 
165, 0.58 , 1.17 , 1.75 , 2.33 , 2.89 , 3.43 , 3.93 , 4.38 , 4.80 , 5.20 , 5.61 , 5.99 , 6.31 , 6.58 , 6.79 , 6.97 , 7.13 , 7.27 , 7.41 , 7.55 
166, 0.58 , 1.16 , 1.75 , 2.32 , 2.88 , 3.42 , 3.91 , 4.36 , 4.78 , 5.18 , 5.59 , 5.97 , 6.29 , 6.56 , 6.78 , 6.96 , 7.12 , 7.26 , 7.40 , 7.54 
167, 0.57 , 1.16 , 1.74 , 2.32 , 2.87 , 3.41 , 3.90 , 4.35 , 4.76 , 5.16 , 5.56 , 5.95 , 6.27 , 6.54 , 6.76 , 6.94 , 7.11 , 7.25 , 7.39 , 7.53 
168, 0.57 , 1.15 , 1.74 , 2.31 , 2.86 , 3.40 , 3.88 , 4.33 , 4.74 , 5.14 , 5.54 , 5.92 , 6.25 , 6.53 , 6.75 , 6.93 , 7.10 , 7.24 , 7.38 , 7.52 
169, 0.57 , 1.15 , 1.73 , 2.30 , 2.86 , 3.38 , 3.87 , 4.31 , 4.72 , 5.12 , 5.52 , 5.90 , 6.23 , 6.51 , 6.74 , 6.92 , 7.09 , 7.23 , 7.37 , 7.51 
170, 0.57 , 1.15 , 1.72 , 2.29 , 2.85 , 3.37 , 3.85 , 4.29 , 4.70 , 5.09 , 5.50 , 5.88 , 6.21 , 6.49 , 6.72 , 6.91 , 7.08 , 7.22 , 7.36 , 7.50 
171, 0.57 , 1.14 , 1.72 , 2.29 , 2.84 , 3.36 , 3.84 , 4.28 , 4.68 , 5.07 , 5.47 , 5.85 , 6.19 , 6.48 , 6.71 , 6.90 , 7.07 , 7.21 , 7.35 , 7.49 
172, 0.57 , 1.14 , 1.71 , 2.28 , 2.83 , 3.35 , 3.82 , 4.26 , 4.67 , 5.05 , 5.45 , 5.83 , 6.17 , 6.46 , 6.70 , 6.89 , 7.06 , 7.20 , 7.34 , 7.48 
173, 0.56 , 1.14 , 1.71 , 2.27 , 2.82 , 3.34 , 3.81 , 4.24 , 4.65 , 5.03 , 5.43 , 5.81 , 6.14 , 6.44 , 6.68 , 6.88 , 7.05 , 7.19 , 7.33 , 7.47 
174, 0.56 , 1.13 , 1.70 , 2.26 , 2.81 , 3.33 , 3.79 , 4.22 , 4.63 , 5.01 , 5.41 , 5.78 , 6.12 , 6.42 , 6.67 , 6.87 , 7.04 , 7.18 , 7.32 , 7.46 
175, 0.56 , 1.13 , 1.70 , 2.26 , 2.80 , 3.31 , 3.78 , 4.21 , 4.61 , 4.99 , 5.38 , 5.76 , 6.10 , 6.41 , 6.65 , 6.86 , 7.03 , 7.17 , 7.31 , 7.45 
176, 0.56 , 1.12 , 1.69 , 2.25 , 2.79 , 3.30 , 3.76 , 4.19 , 4.59 , 4.97 , 5.36 , 5.74 , 6.08 , 6.39 , 6.64 , 6.85 , 7.02 , 7.16 , 7.30 , 7.44 
177, 0.55 , 1.12 , 1.68 , 2.24 , 2.77 , 3.29 , 3.75 , 4.17 , 4.57 , 4.95 , 5.34 , 5.71 , 6.06 , 6.37 , 6.63 , 6.84 , 7.01 , 7.15 , 7.29 , 7.43 
178, 0.55 , 1.11 , 1.68 , 2.23 , 2.76 , 3.27 , 3.73 , 4.15 , 4.55 , 4.93 , 5.31 , 5.69 , 6.04 , 6.36 , 6.61 , 6.82 , 7.00 , 7.14 , 7.28 , 7.42 
179, 0.55 , 1.11 , 1.67 , 2.22 , 2.75 , 3.26 , 3.71 , 4.13 , 4.52 , 4.90 , 5.29 , 5.66 , 6.02 , 6.34 , 6.60 , 6.81 , 6.99 , 7.13 , 7.27 , 7.41 
180, 0.55 , 1.10 , 1.66 , 2.21 , 2.74 , 3.24 , 3.69 , 4.11 , 4.50 , 4.88 , 5.27 , 5.64 , 6.00 , 6.32 , 6.58 , 6.80 , 6.98 , 7.12 , 7.26 , 7.40 
181, 0.55 , 1.11 , 1.67 , 2.22 , 2.75 , 3.26 , 3.71 , 4.13 , 4.52 , 4.90 , 5.29 , 5.66 , 6.02 , 6.34 , 6.60 , 6.81 , 6.99 , 7.13 , 7.27 , 7.41 
182, 0.55 , 1.11 , 1.68 , 2.23 , 2.76 , 3.27 , 3.73 , 4.15 , 4.55 , 4.93 , 5.31 , 5.69 , 6.04 , 6.36 , 6.61 , 6.82 , 7.00 , 7.14 , 7.28 , 7.42 
183, 0.55 , 1.12 , 1.68 , 2.24 , 2.77 , 3.29 , 3.75 , 4.17 , 4.57 , 4.95 , 5.34 , 5.71 , 6.06 , 6.37 , 6.63 , 6.84 , 7.01 , 7.15 , 7.29 , 7.43 
184, 0.56 , 1.12 , 1.69 , 2.25 , 2.79 , 3.30 , 3.76 , 4.19 , 4.59 , 4.97 , 5.36 , 5.74 , 6.08 , 6.39 , 6.64 , 6.85 , 7.02 , 7.16 , 7.30 , 7.44 
185, 0.56 , 1.13 , 1.70 , 2.26 , 2.80 , 3.31 , 3.78 , 4.21 , 4.61 , 4.99 , 5.38 , 5.76 , 6.10 , 6.41 , 6.65 , 6.86 , 7.03 , 7.17 , 7.31 , 7.45 
186, 0.56 , 1.13 , 1.70 , 2.26 , 2.81 , 3.33 , 3.79 , 4.22 , 4.63 , 5.01 , 5.41 , 5.78 , 6.12 , 6.42 , 6.67 , 6.87 , 7.04 , 7.18 , 7.32 , 7.46 
187, 0.56 , 1.14 , 1.71 , 2.27 , 2.82 , 3.34 , 3.81 , 4.24 , 4.65 , 5.03 , 5.43 , 5.81 , 6.14 , 6.44 , 6.68 , 6.88 , 7.05 , 7.19 , 7.33 , 7.47 
188, 0.57 , 1.14 , 1.71 , 2.28 , 2.83 , 3.35 , 3.82 , 4.26 , 4.67 , 5.05 , 5.45 , 5.83 , 6.17 , 6.46 , 6.70 , 6.89 , 7.06 , 7.20 , 7.34 , 7.48 
189, 0.57 , 1.14 , 1.72 , 2.29 , 2.84 , 3.36 , 3.84 , 4.28 , 4.68 , 5.07 , 5.47 , 5.85 , 6.19 , 6.48 , 6.71 , 6.90 , 7.07 , 7.21 , 7.35 , 7.49 
190, 0.57 , 1.15 , 1.72 , 2.29 , 2.85 , 3.37 , 3.85 , 4.29 , 4.70 , 5.09 , 5.50 , 5.88 , 6.21 , 6.49 , 6.72 , 6.91 , 7.08 , 7.22 , 7.36 , 7.50 
191, 0.57 , 1.15 , 1.73 , 2.30 , 2.86 , 3.38 , 3.87 , 4.31 , 4.72 , 5.12 , 5.52 , 5.90 , 6.23 , 6.51 , 6.74 , 6.92 , 7.09 , 7.23 , 7.37 , 7.51 
192, 0.57 , 1.15 , 1.74 , 2.31 , 2.86 , 3.40 , 3.88 , 4.33 , 4.74 , 5.14 , 5.54 , 5.92 , 6.25 , 6.53 , 6.75 , 6.93 , 7.10 , 7.24 , 7.38 , 7.52 
193, 0.57 , 1.16 , 1.74 , 2.32 , 2.87 , 3.41 , 3.90 , 4.35 , 4.76 , 5.16 , 5.56 , 5.95 , 6.27 , 6.54 , 6.76 , 6.94 , 7.11 , 7.25 , 7.39 , 7.53 
194, 0.58 , 1.16 , 1.75 , 2.32 , 2.88 , 3.42 , 3.91 , 4.36 , 4.78 , 5.18 , 5.59 , 5.97 , 6.29 , 6.56 , 6.78 , 6.96 , 7.12 , 7.26 , 7.40 , 7.54 
195, 0.58 , 1.17 , 1.75 , 2.33 , 2.89 , 3.43 , 3.93 , 4.38 , 4.80 , 5.20 , 5.61 , 5.99 , 6.31 , 6.58 , 6.79 , 6.97 , 7.13 , 7.27 , 7.41 , 7.55 
196, 0.58 , 1.17 , 1.76 , 2.34 , 2.91 , 3.45 , 3.94 , 4.40 , 4.82 , 5.22 , 5.63 , 6.02 , 6.33 , 6.60 , 6.81 , 6.98 , 7.14 , 7.28 , 7.42 , 7.56 
197, 0.58 , 1.17 , 1.77 , 2.35 , 2.92 , 3.46 , 3.96 , 4.42 , 4.84 , 5.24 , 5.66 , 6.04 , 6.35 , 6.61 , 6.82 , 6.99 , 7.15 , 7.29 , 7.43 , 7.58 
198, 0.59 , 1.18 , 1.77 , 2.36 , 2.93 , 3.47 , 3.98 , 4.44 , 4.86 , 5.26 , 5.68 , 6.06 , 6.37 , 6.63 , 6.83 , 7.00 , 7.16 , 7.30 , 7.44 , 7.59 
199, 0.59 , 1.18 , 1.78 , 2.37 , 2.94 , 3.49 , 3.99 , 4.46 , 4.88 , 5.29 , 5.70 , 6.09 , 6.40 , 6.65 , 6.85 , 7.01 , 7.17 , 7.31 , 7.45 , 7.60 
200, 0.59 , 1.19 , 1.79 , 2.38 , 2.96 , 3.51 , 4.01 , 4.48 , 4.90 , 5.31 , 5.73 , 6.11 , 6.42 , 6.67 , 6.86 , 7.02 , 7.18 , 7.32 , 7.47 , 7.61 
201, 0.59 , 1.20 , 1.80 , 2.39 , 2.97 , 3.52 , 4.03 , 4.50 , 4.93 , 5.33 , 5.75 , 6.14 , 6.44 , 6.68 , 6.88 , 7.04 , 7.19 , 7.34 , 7.48 , 7.62 
202, 0.60 , 1.20 , 1.81 , 2.40 , 2.99 , 3.54 , 4.05 , 4.52 , 4.95 , 5.36 , 5.78 , 6.16 , 6.46 , 6.70 , 6.89 , 7.05 , 7.20 , 7.35 , 7.49 , 7.63 
203, 0.60 , 1.21 , 1.82 , 2.42 , 3.00 , 3.56 , 4.07 , 4.54 , 4.98 , 5.39 , 5.80 , 6.19 , 6.48 , 6.72 , 6.91 , 7.06 , 7.21 , 7.36 , 7.50 , 7.65 
204, 0.60 , 1.22 , 1.83 , 2.43 , 3.02 , 3.58 , 4.10 , 4.57 , 5.00 , 5.41 , 5.83 , 6.21 , 6.50 , 6.74 , 6.92 , 7.07 , 7.23 , 7.37 , 7.51 , 7.66 
205, 0.61 , 1.22 , 1.84 , 2.45 , 3.04 , 3.60 , 4.12 , 4.59 , 5.03 , 5.44 , 5.86 , 6.24 , 6.53 , 6.76 , 6.94 , 7.09 , 7.24 , 7.38 , 7.53 , 7.67 
206, 0.61 , 1.23 , 1.85 , 2.47 , 3.06 , 3.63 , 4.15 , 4.62 , 5.06 , 5.47 , 5.89 , 6.26 , 6.55 , 6.77 , 6.95 , 7.10 , 7.25 , 7.40 , 7.54 , 7.69 
207, 0.62 , 1.24 , 1.87 , 2.48 , 3.08 , 3.65 , 4.17 , 4.65 , 5.09 , 5.50 , 5.92 , 6.29 , 6.57 , 6.79 , 6.97 , 7.12 , 7.27 , 7.41 , 7.56 , 7.70 
208, 0.62 , 1.25 , 1.88 , 2.50 , 3.11 , 3.68 , 4.20 , 4.68 , 5.12 , 5.53 , 5.95 , 6.32 , 6.59 , 6.81 , 6.98 , 7.13 , 7.28 , 7.43 , 7.57 , 7.72 
209, 0.63 , 1.26 , 1.90 , 2.53 , 3.13 , 3.71 , 4.23 , 4.71 , 5.15 , 5.57 , 5.98 , 6.34 , 6.62 , 6.83 , 7.00 , 7.14 , 7.29 , 7.44 , 7.59 , 7.73 
210, 0.63 , 1.27 , 1.92 , 2.55 , 3.16 , 3.74 , 4.26 , 4.74 , 5.18 , 5.60 , 6.01 , 6.37 , 6.64 , 6.85 , 7.02 , 7.16 , 7.31 , 7.46 , 7.60 , 7.75 
211, 0.64 , 1.29 , 1.94 , 2.57 , 3.19 , 3.77 , 4.30 , 4.77 , 5.22 , 5.64 , 6.04 , 6.40 , 6.66 , 6.87 , 7.03 , 7.18 , 7.33 , 7.47 , 7.62 , 7.77 
212, 0.65 , 1.30 , 1.96 , 2.60 , 3.23 , 3.81 , 4.34 , 4.81 , 5.26 , 5.68 , 6.08 , 6.43 , 6.69 , 6.89 , 7.05 , 7.19 , 7.34 , 7.49 , 7.64 , 7.79 
213, 0.65 , 1.32 , 1.98 , 2.63 , 3.26 , 3.86 , 4.38 , 4.85 , 5.30 , 5.72 , 6.12 , 6.46 , 6.71 , 6.91 , 7.07 , 7.21 , 7.36 , 7.51 , 7.66 , 7.81 
214, 0.66 , 1.33 , 2.01 , 2.67 , 3.31 , 3.90 , 4.43 , 4.90 , 5.35 , 5.77 , 6.16 , 6.49 , 6.74 , 6.93 , 7.09 , 7.23 , 7.38 , 7.53 , 7.68 , 7.84 
215, 0.67 , 1.35 , 2.04 , 2.71 , 3.35 , 3.95 , 4.47 , 4.94 , 5.40 , 5.82 , 6.20 , 6.53 , 6.77 , 6.95 , 7.11 , 7.25 , 7.40 , 7.55 , 7.71 , 7.86 
216, 0.68 , 1.37 , 2.07 , 2.74 , 3.39 , 4.00 , 4.52 , 4.99 , 5.45 , 5.87 , 6.24 , 6.56 , 6.79 , 6.97 , 7.13 , 7.27 , 7.42 , 7.58 , 7.73 , 7.89 
217, 0.69 , 1.39 , 2.10 , 2.78 , 3.44 , 4.05 , 4.57 , 5.03 , 5.50 , 5.92 , 6.29 , 6.60 , 6.82 , 7.00 , 7.15 , 7.29 , 7.44 , 7.60 , 7.76 , 7.91 
218, 0.70 , 1.41 , 2.13 , 2.82 , 3.49 , 4.11 , 4.62 , 5.08 , 5.55 , 5.97 , 6.33 , 6.63 , 6.85 , 7.02 , 7.17 , 7.31 , 7.47 , 7.62 , 7.78 , 7.94 
219, 0.71 , 1.43 , 2.16 , 2.87 , 3.54 , 4.16 , 4.68 , 5.13 , 5.60 , 6.02 , 6.38 , 6.66 , 6.87 , 7.04 , 7.19 , 7.33 , 7.49 , 7.65 , 7.81 , 7.97 
220, 0.72 , 1.45 , 2.19 , 2.91 , 3.59 , 4.21 , 4.73 , 5.18 , 5.65 , 6.08 , 6.42 , 6.70 , 6.90 , 7.06 , 7.21 , 7.35 , 7.51 , 7.67 , 7.83 , 7.99 
221, 0.73 , 1.47 , 2.22 , 2.94 , 3.63 , 4.26 , 4.78 , 5.23 , 5.70 , 6.13 , 6.46 , 6.73 , 6.92 , 7.08 , 7.23 , 7.37 , 7.53 , 7.69 , 7.85 , 8.02 
222, 0.74 , 1.49 , 2.25 , 2.98 , 3.68 , 4.31 , 4.83 , 5.28 , 5.75 , 6.17 , 6.50 , 6.76 , 6.95 , 7.10 , 7.25 , 7.39 , 7.55 , 7.71 , 7.87 , 8.04 
223, 0.74 , 1.51 , 2.27 , 3.02 , 3.72 , 4.36 , 4.88 , 5.32 , 5.80 , 6.22 , 6.54 , 6.79 , 6.97 , 7.12 , 7.27 , 7.41 , 7.57 , 7.73 , 7.89 , 8.06 
224, 0.75 , 1.53 , 2.30 , 3.05 , 3.76 , 4.41 , 4.92 , 5.37 , 5.84 , 6.26 , 6.57 , 6.81 , 6.99 , 7.14 , 7.29 , 7.43 , 7.59 , 7.75 , 7.91 , 8.08 
225, 0.76 , 1.54 , 2.32 , 3.08 , 3.80 , 4.45 , 4.97 , 5.41 , 5.88 , 6.30 , 6.61 , 6.84 , 7.02 , 7.16 , 7.30 , 7.45 , 7.61 , 7.77 , 7.93 , 8.09 
226, 0.77 , 1.56 , 2.35 , 3.11 , 3.83 , 4.49 , 5.01 , 5.45 , 5.92 , 6.34 , 6.64 , 6.86 , 7.04 , 7.18 , 7.32 , 7.47 , 7.62 , 7.78 , 7.94 , 8.10 
227, 0.77 , 1.57 , 2.37 , 3.14 , 3.87 , 4.53 , 5.05 , 5.49 , 5.96 , 6.37 , 6.66 , 6.89 , 7.05 , 7.20 , 7.34 , 7.49 , 7.64 , 7.80 , 7.96 , 8.12 
228, 0.78 , 1.58 , 2.39 , 3.17 , 3.90 , 4.57 , 5.09 , 5.53 , 6.00 , 6.40 , 6.69 , 6.91 , 7.07 , 7.21 , 7.36 , 7.51 , 7.66 , 7.82 , 7.97 , 8.13 
229, 0.79 , 1.60 , 2.41 , 3.19 , 3.93 , 4.60 , 5.13 , 5.58 , 6.04 , 6.44 , 6.72 , 6.93 , 7.09 , 7.23 , 7.38 , 7.53 , 7.68 , 7.83 , 7.98 , 8.14 
230, 0.79 , 1.61 , 2.43 , 3.22 , 3.96 , 4.64 , 5.17 , 5.62 , 6.07 , 6.47 , 6.74 , 6.94 , 7.11 , 7.25 , 7.40 , 7.55 , 7.70 , 7.85 , 8.00 , 8.15 
231, 0.80 , 1.62 , 2.44 , 3.24 , 3.99 , 4.67 , 5.21 , 5.66 , 6.11 , 6.50 , 6.76 , 6.96 , 7.12 , 7.26 , 7.42 , 7.57 , 7.72 , 7.87 , 8.01 , 8.15 
232, 0.80 , 1.63 , 2.46 , 3.27 , 4.02 , 4.71 , 5.25 , 5.70 , 6.15 , 6.52 , 6.78 , 6.98 , 7.14 , 7.28 , 7.44 , 7.59 , 7.74 , 7.88 , 8.02 , 8.16 
233, 0.81 , 1.64 , 2.48 , 3.29 , 4.05 , 4.74 , 5.29 , 5.74 , 6.18 , 6.55 , 6.81 , 6.99 , 7.15 , 7.29 , 7.46 , 7.61 , 7.76 , 7.89 , 8.03 , 8.16 
234, 0.82 , 1.66 , 2.50 , 3.31 , 4.08 , 4.77 , 5.32 , 5.78 , 6.21 , 6.58 , 6.83 , 7.01 , 7.17 , 7.31 , 7.47 , 7.63 , 7.77 , 7.91 , 8.04 , 8.17 
235, 0.82 , 1.67 , 2.51 , 3.33 , 4.10 , 4.80 , 5.36 , 5.81 , 6.25 , 6.60 , 6.84 , 7.02 , 7.18 , 7.32 , 7.49 , 7.65 , 7.79 , 7.92 , 8.04 , 8.17 
236, 0.83 , 1.68 , 2.53 , 3.35 , 4.13 , 4.83 , 5.39 , 5.85 , 6.28 , 6.63 , 6.86 , 7.04 , 7.19 , 7.34 , 7.51 , 7.67 , 7.80 , 7.93 , 8.05 , 8.17 
237, 0.83 , 1.69 , 2.54 , 3.37 , 4.15 , 4.86 , 5.43 , 5.89 , 6.31 , 6.65 , 6.88 , 7.05 , 7.21 , 7.35 , 7.52 , 7.68 , 7.81 , 7.93 , 8.05 , 8.17 
238, 0.84 , 1.70 , 2.56 , 3.39 , 4.18 , 4.89 , 5.46 , 5.92 , 6.33 , 6.67 , 6.90 , 7.06 , 7.22 , 7.37 , 7.53 , 7.69 , 7.82 , 7.94 , 8.05 , 8.16 
239, 0.84 , 1.71 , 2.57 , 3.41 , 4.20 , 4.91 , 5.49 , 5.95 , 6.36 , 6.69 , 6.91 , 7.08 , 7.23 , 7.38 , 7.54 , 7.70 , 7.82 , 7.94 , 8.05 , 8.16 
240, 0.84 , 1.71 , 2.58 , 3.43 , 4.22 , 4.94 , 5.52 , 5.98 , 6.39 , 6.71 , 6.93 , 7.09 , 7.24 , 7.39 , 7.55 , 7.70 , 7.82 , 7.94 , 8.04 , 8.15 
241, 0.85 , 1.72 , 2.60 , 3.45 , 4.24 , 4.96 , 5.54 , 6.01 , 6.41 , 6.73 , 6.94 , 7.10 , 7.26 , 7.40 , 7.56 , 7.70 , 7.82 , 7.93 , 8.03 , 8.14 
242, 0.85 , 1.73 , 2.61 , 3.46 , 4.26 , 4.99 , 5.57 , 6.03 , 6.43 , 6.74 , 6.96 , 7.11 , 7.27 , 7.41 , 7.56 , 7.70 , 7.82 , 7.92 , 8.02 , 8.12 
243, 0.86 , 1.74 , 2.62 , 3.48 , 4.28 , 5.01 , 5.59 , 6.06 , 6.45 , 6.76 , 6.97 , 7.13 , 7.28 , 7.43 , 7.57 , 7.70 , 7.81 , 7.91 , 8.00 , 8.10 
244, 0.86 , 1.74 , 2.63 , 3.49 , 4.30 , 5.03 , 5.61 , 6.08 , 6.47 , 6.77 , 6.98 , 7.14 , 7.29 , 7.44 , 7.58 , 7.70 , 7.81 , 7.90 , 7.98 , 8.07 
245, 0.86 , 1.75 , 2.64 , 3.50 , 4.31 , 5.04 , 5.63 , 6.10 , 6.49 , 6.78 , 6.99 , 7.15 , 7.30 , 7.45 , 7.58 , 7.70 , 7.80 , 7.88 , 7.96 , 8.05 
246, 0.86 , 1.76 , 2.65 , 3.51 , 4.32 , 5.06 , 5.65 , 6.12 , 6.50 , 6.79 , 7.00 , 7.15 , 7.31 , 7.46 , 7.59 , 7.70 , 7.79 , 7.87 , 7.94 , 8.02 
247, 0.87 , 1.76 , 2.66 , 3.52 , 4.34 , 5.07 , 5.67 , 6.13 , 6.51 , 6.80 , 7.00 , 7.16 , 7.32 , 7.46 , 7.59 , 7.70 , 7.78 , 7.86 , 7.92 , 7.99 
248, 0.87 , 1.77 , 2.66 , 3.53 , 4.35 , 5.09 , 5.68 , 6.15 , 6.52 , 6.81 , 7.01 , 7.17 , 7.33 , 7.47 , 7.59 , 7.69 , 7.78 , 7.84 , 7.90 , 7.97 
249, 0.87 , 1.77 , 2.67 , 3.54 , 4.36 , 5.10 , 5.70 , 6.16 , 6.53 , 6.82 , 7.01 , 7.17 , 7.33 , 7.47 , 7.59 , 7.69 , 7.77 , 7.83 , 7.89 , 7.95 
250, 0.87 , 1.77 , 2.68 , 3.55 , 4.37 , 5.11 , 5.71 , 6.17 , 6.54 , 6.82 , 7.02 , 7.17 , 7.33 , 7.47 , 7.59 , 7.69 , 7.76 , 7.82 , 7.87 , 7.93 
251, 0.88 , 1.78 , 2.68 , 3.56 , 4.38 , 5.12 , 5.71 , 6.18 , 6.54 , 6.82 , 7.02 , 7.17 , 7.33 , 7.47 , 7.59 , 7.69 , 7.76 , 7.81 , 7.86 , 7.92 
252, 0.88 , 1.78 , 2.69 , 3.56 , 4.39 , 5.13 , 5.72 , 6.18 , 6.55 , 6.83 , 7.02 , 7.17 , 7.32 , 7.46 , 7.58 , 7.68 , 7.75 , 7.81 , 7.85 , 7.91 
253, 0.88 , 1.79 , 2.69 , 3.57 , 4.39 , 5.14 , 5.73 , 6.18 , 6.55 , 6.83 , 7.02 , 7.16 , 7.31 , 7.45 , 7.57 , 7.67 , 7.74 , 7.80 , 7.84 , 7.90 
254, 0.88 , 1.79 , 2.70 , 3.58 , 4.40 , 5.14 , 5.73 , 6.19 , 6.55 , 6.83 , 7.01 , 7.15 , 7.30 , 7.44 , 7.56 , 7.66 , 7.73 , 7.79 , 7.84 , 7.89 
255, 0.88 , 1.79 , 2.70 , 3.58 , 4.41 , 5.15 , 5.73 , 6.19 , 6.55 , 6.83 , 7.01 , 7.15 , 7.29 , 7.42 , 7.55 , 7.65 , 7.72 , 7.78 , 7.83 , 7.88 
256, 0.88 , 1.79 , 2.70 , 3.59 , 4.41 , 5.15 , 5.73 , 6.18 , 6.55 , 6.83 , 7.00 , 7.14 , 7.28 , 7.41 , 7.53 , 7.64 , 7.71 , 7.77 , 7.82 , 7.87 
257, 0.88 , 1.80 , 2.71 , 3.59 , 4.42 , 5.16 , 5.74 , 6.18 , 6.55 , 6.82 , 7.00 , 7.13 , 7.26 , 7.39 , 7.52 , 7.62 , 7.70 , 7.76 , 7.81 , 7.87 
258, 0.88 , 1.80 , 2.71 , 3.59 , 4.42 , 5.16 , 5.73 , 6.18 , 6.54 , 6.82 , 6.99 , 7.12 , 7.25 , 7.38 , 7.50 , 7.60 , 7.68 , 7.75 , 7.80 , 7.86 
259, 0.88 , 1.80 , 2.71 , 3.60 , 4.42 , 5.16 , 5.73 , 6.17 , 6.54 , 6.82 , 6.99 , 7.11 , 7.23 , 7.36 , 7.48 , 7.59 , 7.67 , 7.73 , 7.80 , 7.86 
260, 0.89 , 1.80 , 2.72 , 3.60 , 4.43 , 5.16 , 5.73 , 6.17 , 6.53 , 6.81 , 6.98 , 7.09 , 7.22 , 7.34 , 7.46 , 7.57 , 7.65 , 7.72 , 7.79 , 7.86 
261, 0.89 , 1.80 , 2.72 , 3.60 , 4.43 , 5.16 , 5.73 , 6.16 , 6.53 , 6.81 , 6.97 , 7.08 , 7.20 , 7.32 , 7.44 , 7.55 , 7.64 , 7.71 , 7.78 , 7.85 
262, 0.89 , 1.80 , 2.72 , 3.61 , 4.43 , 5.17 , 5.73 , 6.15 , 6.52 , 6.80 , 6.96 , 7.07 , 7.19 , 7.30 , 7.42 , 7.53 , 7.62 , 7.70 , 7.77 , 7.85 
263, 0.89 , 1.80 , 2.72 , 3.61 , 4.44 , 5.17 , 5.72 , 6.15 , 6.52 , 6.80 , 6.96 , 7.06 , 7.17 , 7.29 , 7.41 , 7.52 , 7.61 , 7.69 , 7.77 , 7.85 
264, 0.89 , 1.81 , 2.72 , 3.61 , 4.44 , 5.17 , 5.72 , 6.14 , 6.51 , 6.79 , 6.95 , 7.05 , 7.16 , 7.27 , 7.39 , 7.50 , 7.59 , 7.68 , 7.76 , 7.84 
265, 0.89 , 1.81 , 2.73 , 3.61 , 4.44 , 5.17 , 5.72 , 6.14 , 6.51 , 6.79 , 6.94 , 7.04 , 7.15 , 7.26 , 7.37 , 7.48 , 7.58 , 7.67 , 7.75 , 7.84 
266, 0.89 , 1.81 , 2.73 , 3.62 , 4.44 , 5.17 , 5.72 , 6.13 , 6.50 , 6.79 , 6.93 , 7.03 , 7.14 , 7.24 , 7.36 , 7.47 , 7.56 , 7.65 , 7.74 , 7.83 
267, 0.89 , 1.81 , 2.73 , 3.62 , 4.44 , 5.17 , 5.72 , 6.13 , 6.50 , 6.78 , 6.93 , 7.02 , 7.13 , 7.23 , 7.35 , 7.45 , 7.55 , 7.64 , 7.73 , 7.83 
268, 0.89 , 1.81 , 2.73 , 3.62 , 4.45 , 5.17 , 5.72 , 6.12 , 6.49 , 6.78 , 6.92 , 7.01 , 7.12 , 7.23 , 7.33 , 7.44 , 7.54 , 7.63 , 7.72 , 7.82 
269, 0.89 , 1.81 , 2.74 , 3.63 , 4.45 , 5.18 , 5.72 , 6.12 , 6.49 , 6.77 , 6.92 , 7.00 , 7.11 , 7.22 , 7.33 , 7.43 , 7.53 , 7.62 , 7.72 , 7.81 
270, 0.89 , 1.81 , 2.74 , 3.63 , 4.45 , 5.18 , 5.72 , 6.12 , 6.49 , 6.77 , 6.91 , 7.00 , 7.11 , 7.22 , 7.32 , 7.42 , 7.52 , 7.61 , 7.71 , 7.80 
271, 0.89 , 1.82 , 2.74 , 3.63 , 4.46 , 5.18 , 5.72 , 6.12 , 6.49 , 6.77 , 6.91 , 7.00 , 7.11 , 7.22 , 7.32 , 7.41 , 7.51 , 7.60 , 7.70 , 7.79 
272, 0.89 , 1.82 , 2.74 , 3.64 , 4.46 , 5.19 , 5.72 , 6.12 , 6.49 , 6.77 , 6.91 , 7.00 , 7.11 , 7.22 , 7.32 , 7.41 , 7.50 , 7.59 , 7.69 , 7.78 
273, 0.89 , 1.82 , 2.75 , 3.64 , 4.47 , 5.19 , 5.73 , 6.13 , 6.49 , 6.76 , 6.91 , 7.00 , 7.11 , 7.22 , 7.32 , 7.41 , 7.50 , 7.59 , 7.68 , 7.77 
274, 0.89 , 1.82 , 2.75 , 3.64 , 4.47 , 5.20 , 5.73 , 6.13 , 6.49 , 6.76 , 6.91 , 7.00 , 7.11 , 7.22 , 7.32 , 7.41 , 7.50 , 7.58 , 7.67 , 7.76 
275, 0.90 , 1.82 , 2.75 , 3.65 , 4.48 , 5.21 , 5.74 , 6.14 , 6.49 , 6.76 , 6.91 , 7.00 , 7.12 , 7.22 , 7.32 , 7.41 , 7.49 , 7.58 , 7.66 , 7.74 
276, 0.90 , 1.83 , 2.76 , 3.65 , 4.48 , 5.21 , 5.75 , 6.14 , 6.49 , 6.76 , 6.91 , 7.01 , 7.12 , 7.22 , 7.32 , 7.41 , 7.49 , 7.57 , 7.65 , 7.73 
277, 0.90 , 1.83 , 2.76 , 3.66 , 4.49 , 5.22 , 5.75 , 6.15 , 6.50 , 6.76 , 6.91 , 7.01 , 7.12 , 7.22 , 7.32 , 7.41 , 7.49 , 7.57 , 7.64 , 7.72 
278, 0.90 , 1.83 , 2.76 , 3.66 , 4.49 , 5.22 , 5.76 , 6.16 , 6.50 , 6.76 , 6.91 , 7.02 , 7.12 , 7.22 , 7.32 , 7.41 , 7.49 , 7.56 , 7.63 , 7.70 
279, 0.90 , 1.83 , 2.77 , 3.66 , 4.50 , 5.23 , 5.77 , 6.16 , 6.50 , 6.75 , 6.91 , 7.02 , 7.12 , 7.22 , 7.32 , 7.41 , 7.49 , 7.56 , 7.62 , 7.69 
280, 0.90 , 1.83 , 2.77 , 3.67 , 4.50 , 5.23 , 5.77 , 6.16 , 6.50 , 6.75 , 6.91 , 7.02 , 7.13 , 7.22 , 7.32 , 7.41 , 7.49 , 7.55 , 7.61 , 7.67 
281, 0.90 , 1.83 , 2.77 , 3.67 , 4.50 , 5.23 , 5.77 , 6.17 , 6.50 , 6.75 , 6.91 , 7.03 , 7.13 , 7.22 , 7.32 , 7.41 , 7.48 , 7.54 , 7.60 , 7.66 
282, 0.90 , 1.83 , 2.77 , 3.67 , 4.50 , 5.23 , 5.77 , 6.17 , 6.49 , 6.74 , 6.91 , 7.03 , 7.13 , 7.22 , 7.32 , 7.41 , 7.48 , 7.53 , 7.58 , 7.64 
283, 0.90 , 1.83 , 2.77 , 3.67 , 4.50 , 5.23 , 5.77 , 6.16 , 6.49 , 6.74 , 6.90 , 7.03 , 7.13 , 7.22 , 7.32 , 7.41 , 7.47 , 7.52 , 7.57 , 7.62 
284, 0.90 , 1.83 , 2.77 , 3.66 , 4.50 , 5.23 , 5.77 , 6.16 , 6.48 , 6.73 , 6.90 , 7.02 , 7.13 , 7.22 , 7.32 , 7.40 , 7.46 , 7.51 , 7.55 , 7.60 
285, 0.90 , 1.83 , 2.76 , 3.66 , 4.49 , 5.22 , 5.76 , 6.15 , 6.47 , 6.72 , 6.89 , 7.02 , 7.13 , 7.22 , 7.31 , 7.39 , 7.45 , 7.49 , 7.54 , 7.58 
286, 0.90 , 1.83 , 2.76 , 3.65 , 4.48 , 5.21 , 5.75 , 6.14 , 6.46 , 6.71 , 6.89 , 7.01 , 7.13 , 7.22 , 7.31 , 7.38 , 7.43 , 7.48 , 7.52 , 7.56 
287, 0.90 , 1.82 , 2.75 , 3.65 , 4.48 , 5.20 , 5.74 , 6.13 , 6.45 , 6.70 , 6.88 , 7.01 , 7.12 , 7.22 , 7.30 , 7.37 , 7.42 , 7.46 , 7.50 , 7.54 
288, 0.89 , 1.82 , 2.75 , 3.64 , 4.47 , 5.19 , 5.72 , 6.11 , 6.44 , 6.69 , 6.87 , 7.00 , 7.11 , 7.21 , 7.29 , 7.35 , 7.40 , 7.44 , 7.47 , 7.51 
289, 0.89 , 1.82 , 2.74 , 3.63 , 4.46 , 5.18 , 5.71 , 6.10 , 6.43 , 6.68 , 6.86 , 6.99 , 7.11 , 7.20 , 7.28 , 7.34 , 7.38 , 7.42 , 7.45 , 7.48 
290, 0.89 , 1.81 , 2.73 , 3.62 , 4.44 , 5.16 , 5.69 , 6.08 , 6.42 , 6.67 , 6.85 , 6.98 , 7.10 , 7.19 , 7.26 , 7.32 , 7.36 , 7.40 , 7.43 , 7.46 
291, 0.89 , 1.81 , 2.73 , 3.61 , 4.43 , 5.15 , 5.68 , 6.06 , 6.40 , 6.66 , 6.84 , 6.97 , 7.09 , 7.18 , 7.25 , 7.30 , 7.34 , 7.37 , 7.40 , 7.43 
292, 0.88 , 1.80 , 2.72 , 3.60 , 4.42 , 5.13 , 5.66 , 6.04 , 6.38 , 6.65 , 6.83 , 6.96 , 7.07 , 7.17 , 7.23 , 7.28 , 7.32 , 7.35 , 7.38 , 7.40 
293, 0.88 , 1.79 , 2.71 , 3.59 , 4.40 , 5.11 , 5.64 , 6.02 , 6.37 , 6.64 , 6.82 , 6.95 , 7.06 , 7.15 , 7.22 , 7.26 , 7.30 , 7.33 , 7.35 , 7.37 
294, 0.88 , 1.79 , 2.70 , 3.57 , 4.38 , 5.10 , 5.61 , 6.00 , 6.35 , 6.62 , 6.80 , 6.93 , 7.05 , 7.13 , 7.20 , 7.24 , 7.28 , 7.30 , 7.32 , 7.34 
295, 0.87 , 1.78 , 2.69 , 3.56 , 4.37 , 5.07 , 5.59 , 5.97 , 6.33 , 6.61 , 6.79 , 6.92 , 7.03 , 7.12 , 7.18 , 7.22 , 7.25 , 7.28 , 7.29 , 7.32 
296, 0.87 , 1.77 , 2.67 , 3.54 , 4.35 , 5.05 , 5.57 , 5.95 , 6.31 , 6.59 , 6.77 , 6.90 , 7.01 , 7.10 , 7.16 , 7.20 , 7.23 , 7.25 , 7.27 , 7.29 
297, 0.87 , 1.76 , 2.66 , 3.53 , 4.33 , 5.03 , 5.54 , 5.92 , 6.28 , 6.57 , 6.76 , 6.89 , 7.00 , 7.08 , 7.14 , 7.18 , 7.21 , 7.22 , 7.24 , 7.26 
298, 0.86 , 1.75 , 2.65 , 3.51 , 4.31 , 5.00 , 5.51 , 5.89 , 6.26 , 6.55 , 6.74 , 6.87 , 6.98 , 7.06 , 7.12 , 7.16 , 7.18 , 7.20 , 7.21 , 7.23 
299, 0.86 , 1.75 , 2.63 , 3.49 , 4.28 , 4.98 , 5.48 , 5.86 , 6.23 , 6.53 , 6.72 , 6.85 , 6.96 , 7.04 , 7.10 , 7.13 , 7.16 , 7.17 , 7.18 , 7.20 
300, 0.85 , 1.74 , 2.62 , 3.47 , 4.26 , 4.95 , 5.45 , 5.83 , 6.20 , 6.50 , 6.69 , 6.83 , 6.94 , 7.02 , 7.07 , 7.11 , 7.13 , 7.15 , 7.16 , 7.17 
301, 0.85 , 1.73 , 2.61 , 3.45 , 4.24 , 4.93 , 5.43 , 5.80 , 6.18 , 6.48 , 6.68 , 6.82 , 6.93 , 7.01 , 7.06 , 7.10 , 7.12 , 7.13 , 7.14 , 7.15 
302, 0.85 , 1.72 , 2.60 , 3.44 , 4.23 , 4.91 , 5.41 , 5.79 , 6.16 , 6.47 , 6.68 , 6.82 , 6.93 , 7.01 , 7.07 , 7.10 , 7.12 , 7.13 , 7.14 , 7.15 
303, 0.84 , 1.72 , 2.59 , 3.43 , 4.21 , 4.90 , 5.39 , 5.77 , 6.15 , 6.46 , 6.68 , 6.83 , 6.94 , 7.02 , 7.08 , 7.11 , 7.13 , 7.14 , 7.15 , 7.16 
304, 0.84 , 1.71 , 2.58 , 3.42 , 4.20 , 4.88 , 5.37 , 5.75 , 6.13 , 6.45 , 6.67 , 6.83 , 6.95 , 7.03 , 7.08 , 7.11 , 7.13 , 7.14 , 7.15 , 7.16 
305, 0.83 , 1.70 , 2.56 , 3.40 , 4.17 , 4.85 , 5.34 , 5.72 , 6.10 , 6.43 , 6.65 , 6.82 , 6.94 , 7.01 , 7.07 , 7.10 , 7.12 , 7.13 , 7.14 , 7.15 
306, 0.83 , 1.68 , 2.54 , 3.37 , 4.13 , 4.80 , 5.29 , 5.67 , 6.05 , 6.38 , 6.61 , 6.78 , 6.90 , 6.98 , 7.03 , 7.07 , 7.09 , 7.10 , 7.11 , 7.12 
307, 0.81 , 1.66 , 2.50 , 3.32 , 4.07 , 4.74 , 5.22 , 5.59 , 5.97 , 6.30 , 6.54 , 6.71 , 6.83 , 6.91 , 6.97 , 7.00 , 7.02 , 7.03 , 7.04 , 7.05 
308, 0.80 , 1.63 , 2.45 , 3.25 , 3.99 , 4.64 , 5.11 , 5.48 , 5.86 , 6.18 , 6.42 , 6.60 , 6.72 , 6.80 , 6.86 , 6.89 , 6.91 , 6.92 , 6.93 , 6.94 
309, 0.78 , 1.58 , 2.38 , 3.16 , 3.88 , 4.51 , 4.98 , 5.34 , 5.70 , 6.02 , 6.26 , 6.44 , 6.56 , 6.64 , 6.70 , 6.73 , 6.76 , 6.77 , 6.77 , 6.78 
310, 0.75 , 1.53 , 2.30 , 3.05 , 3.75 , 4.36 , 4.81 , 5.16 , 5.52 , 5.82 , 6.06 , 6.24 , 6.36 , 6.44 , 6.50 , 6.54 , 6.56 , 6.57 , 6.58 , 6.59 
311, 0.72 , 1.46 , 2.21 , 2.93 , 3.60 , 4.19 , 4.62 , 4.96 , 5.30 , 5.60 , 5.83 , 6.01 , 6.13 , 6.21 , 6.27 , 6.31 , 6.33 , 6.34 , 6.35 , 6.36 
312, 0.69 , 1.40 , 2.11 , 2.79 , 3.43 , 4.00 , 4.41 , 4.74 , 5.07 , 5.35 , 5.58 , 5.76 , 5.88 , 5.96 , 6.02 , 6.06 , 6.08 , 6.09 , 6.10 , 6.11 
313, 0.65 , 1.33 , 2.00 , 2.65 , 3.26 , 3.79 , 4.20 , 4.51 , 4.82 , 5.08 , 5.31 , 5.48 , 5.61 , 5.69 , 5.75 , 5.79 , 5.81 , 5.83 , 5.83 , 5.84 
314, 0.62 , 1.25 , 1.89 , 2.51 , 3.08 , 3.59 , 3.97 , 4.28 , 4.56 , 4.81 , 5.03 , 5.21 , 5.33 , 5.41 , 5.47 , 5.51 , 5.54 , 5.55 , 5.56 , 5.57 
315, 0.58 , 1.18 , 1.78 , 2.36 , 2.90 , 3.38 , 3.75 , 4.04 , 4.31 , 4.54 , 4.75 , 4.93 , 5.05 , 5.13 , 5.20 , 5.24 , 5.26 , 5.28 , 5.29 , 5.30 
316, 0.55 , 1.11 , 1.67 , 2.22 , 2.73 , 3.18 , 3.53 , 3.81 , 4.06 , 4.28 , 4.48 , 4.66 , 4.78 , 4.86 , 4.93 , 4.97 , 5.00 , 5.01 , 5.02 , 5.03 
317, 0.51 , 1.04 , 1.57 , 2.08 , 2.56 , 2.99 , 3.32 , 3.59 , 3.82 , 4.03 , 4.23 , 4.40 , 4.52 , 4.61 , 4.68 , 4.72 , 4.75 , 4.76 , 4.77 , 4.78 
318, -   , -   , -   , -   , -   , -   , -   , -   , -   , -   , -   , -   , -   , -   , -   , -   , -   , -   , -   , -   
319, -   , -   , -   , -   , -   , -   , -   , -   , -   , -   , -   , -   , -   , -   , -   , -   , -   , -   , -   , -   
320, -   , -   , -   , -   , -   , -   , -   , -   , -   , -   , -   , -   , -   , -   , -   , -   , -   , -   , -   , -   
321, -   , -   , -   , -   , -   , -   , -   , -   , -   , -   , -   , -   , -   , -   , -   , -   , -   , -   , -   , -   
322, -   , -   , -   , -   , -   , -   , -   , -   , -   , -   , -   , -   , -   , -   , -   , -   , -   , -   , -   , -   
323, -   , -   , -   , -   , -   , -   , -   , -   , -   , -   , -   , -   , -   , -   , -   , -   , -   , -   , -   , -   
324, -   , -   , -   , -   , -   , -   , -   , -   , -   , -   , -   , -   , -   , -   , -   , -   , -   , -   , -   , -   
325, -   , -   , -   , -   , -   , -   , -   , -   , -   , -   , -   , -   , -   , -   , -   , -   , -   , -   , -   , -   
326, -   , -   , -   , -   , -   , -   , -   , -   , -   , -   , -   , -   , -   , -   , -   , -   , -   , -   , -   , -   
327, -   , -   , -   , -   , -   , -   , -   , -   , -   , -   , -   , -   , -   , -   , -   , -   , -   , -   , -   , -   
328, -   , -   , -   , -   , -   , -   , -   , -   , -   , -   , -   , -   , -   , -   , -   , -   , -   , -   , -   , -   
329, -   , -   , -   , -   , -   , -   , -   , -   , -   , -   , -   , -   , -   , -   , -   , -   , -   , -   , -   , -   
330, -   , -   , -   , -   , -   , -   , -   , -   , -   , -   , -   , -   , -   , -   , -   , -   , -   , -   , -   , -   
331, -   , -   , -   , -   , -   , -   , -   , -   , -   , -   , -   , -   , -   , -   , -   , -   , -   , -   , -   , -   
332, -   , -   , -   , -   , -   , -   , -   , -   , -   , -   , -   , -   , -   , -   , -   , -   , -   , -   , -   , -   
333, -   , -   , -   , -   , -   , -   , -   , -   , -   , -   , -   , -   , -   , -   , -   , -   , -   , -   , -   , -   
334, -   , -   , -   , -   , -   , -   , -   , -   , -   , -   , -   , -   , -   , -   , -   , -   , -   , -   , -   , -   
335, -   , -   , -   , -   , -   , -   , -   , -   , -   , -   , -   , -   , -   , -   , -   , -   , -   , -   , -   , -   
336, -   , -   , -   , -   , -   , -   , -   , -   , -   , -   , -   , -   , -   , -   , -   , -   , -   , -   , -   , -   
337, -   , -   , -   , -   , -   , -   , -   , -   , -   , -   , -   , -   , -   , -   , -   , -   , -   , -   , -   , -   
338, -   , -   , -   , -   , -   , -   , -   , -   , -   , -   , -   , -   , -   , -   , -   , -   , -   , -   , -   , -   
339, -   , -   , -   , -   , -   , -   , -   , -   , -   , -   , -   , -   , -   , -   , -   , -   , -   , -   , -   , -   
340, -   , -   , -   , -   , -   , -   , -   , -   , -   , -   , -   , -   , -   , -   , -   , -   , -   , -   , -   , -   
341, -   , -   , -   , -   , -   , -   , -   , -   , -   , -   , -   , -   , -   , -   , -   , -   , -   , -   , -   , -   
342, -   , -   , -   , -   , -   , -   , -   , -   , -   , -   , -   , -   , -   , -   , -   , -   , -   , -   , -   , -   
343, -   , -   , -   , -   , -   , -   , -   , -   , -   , -   , -   , -   , -   , -   , -   , -   , -   , -   , -   , -   
344, -   , -   , -   , -   , -   , -   , -   , -   , -   , -   , -   , -   , -   , -   , -   , -   , -   , -   , -   , -   
345, -   , -   , -   , -   , -   , -   , -   , -   , -   , -   , -   , -   , -   , -   , -   , -   , -   , -   , -   , -   
346, -   , -   , -   , -   , -   , -   , -   , -   , -   , -   , -   , -   , -   , -   , -   , -   , -   , -   , -   , -   
347, -   , -   , -   , -   , -   , -   , -   , -   , -   , -   , -   , -   , -   , -   , -   , -   , -   , -   , -   , -   
348, -   , -   , -   , -   , -   , -   , -   , -   , -   , -   , -   , -   , -   , -   , -   , -   , -   , -   , -   , -   
349, -   , -   , -   , -   , -   , -   , -   , -   , -   , -   , -   , -   , -   , -   , -   , -   , -   , -   , -   , -   
350, -   , -   , -   , -   , -   , -   , -   , -   , -   , -   , -   , -   , -   , -   , -   , -   , -   , -   , -   , -   
351, -   , -   , -   , -   , -   , -   , -   , -   , -   , -   , -   , -   , -   , -   , -   , -   , -   , -   , -   , -   
352, -   , -   , -   , -   , -   , -   , -   , -   , -   , -   , -   , -   , -   , -   , -   , -   , -   , -   , -   , -   
353, -   , -   , -   , -   , -   , -   , -   , -   , -   , -   , -   , -   , -   , -   , -   , -   , -   , -   , -   , -   
354, -   , -   , -   , -   , -   , -   , -   , -   , -   , -   , -   , -   , -   , -   , -   , -   , -   , -   , -   , -   
355, -   , -   , -   , -   , -   , -   , -   , -   , -   , -   , -   , -   , -   , -   , -   , -   , -   , -   , -   , -   
356, -   , -   , -   , -   , -   , -   , -   , -   , -   , -   , -   , -   , -   , -   , -   , -   , -   , -   , -   , -   
357, -   , -   , -   , -   , -   , -   , -   , -   , -   , -   , -   , -   , -   , -   , -   , -   , -   , -   , -   , -   
358, -   , -   , -   , -   , -   , -   , -   , -   , -   , -   , -   , -   , -   , -   , -   , -   , -   , -   , -   , -   
359, -   , -   , -   , -   , -   , -   , -   , -   , -   , -   , -   , -   , -   , -   , -   , -   , -   , -   , -   , -   
360, -   , -   , -   , -   , -   , -   , -   , -   , -   , -   , -   , -   , -   , -   , -   , -   , -   , -   , -   , -   
